Variable / Field Name,Form Name,Section Header,Field Type,Field Label,"Choices, Calculations, OR Slider Labels",Field Note,Text Validation Type OR Show Slider Number,Text Validation Min,Text Validation Max,Identifier?,Branching Logic (Show field only if...),Required Field?,Custom Alignment,Question Number (surveys only),Matrix Group Name,Matrix Ranking?,Field Annotation
record_id,anmeldung_mathetag,,text,Record ID,,,,,,,,,,,,,
vorname,anmeldung_mathetag,Anmeldung zum Mathetag am 13.11.2026,text,Vorname,,,,,,y,,y,,,,,
nachname,anmeldung_mathetag,,text,Nachname,,,,,,y,,y,,,,,
mail,anmeldung_mathetag,,text,E-Mail-Adresse,,An diese Adresse wird die Bestätigung geschickt.,email,,,y,,y,,,,,
vormittagskurs1,anmeldung_mathetag,Workshops am Vormittag (10:00 – 11:30 Uhr)<br><b>Workshop 1:</b> Die Welt der Fraktale (Eric Trébuchon)<br><b>Workshop 2:</b> Die unglaubliche Beweis-Maschine (Prof. Dr. Peter Pfaffelhuber)<br><b>Workshop 3:</b> Topologie – ein Papierband ohne Innen und Außen (Dr. Maximilian Stegemeyer)<br><b>Workshop 4:</b> A Gödelian Journey to the Island of Knights and Knaves (Dr. Alberto Miguel Gomez)<br><i>Bitte Erst- und Zweitwunsch angeben; beide müssen verschieden sein.</i>,radio,Erstwunsch,"ws1, Workshop 1 | ws2, Workshop 2 | ws3, Workshop 3 | ws4, Workshop 4",,,,,,,y,,,vormittag,y,
vormittagskurs2,anmeldung_mathetag,,radio,Zweitwunsch,"ws1, Workshop 1 | ws2, Workshop 2 | ws3, Workshop 3 | ws4, Workshop 4",,,,,,,y,,,vormittag,y,
nachmittagskurs1,anmeldung_mathetag,"Workshops am Nachmittag (13:00 – 14:30 Uhr)<br><b>Workshop 5:</b> Sieben Fragen, eine Lüge (Dr. Riccardo Tosi)<br><b>Workshop 6:</b> Mathe, Mäckes und fleischfressende Pflanzen – und wie krumm sind Bananen? (Dr. Jonathan Brugger)<br><b>Workshop 7:</b> Fibonacci und die Folge(n) (Dr. Ernst August v. Hammerstein)<br><i>Bitte Erst- und Zweitwunsch angeben; beide müssen verschieden sein.</i>",radio,Erstwunsch,"ws5, Workshop 5 | ws6, Workshop 6 | ws7, Workshop 7",,,,,,,y,,,nachmittag,y,
nachmittagskurs2,anmeldung_mathetag,,radio,Zweitwunsch,"ws5, Workshop 5 | ws6, Workshop 6 | ws7, Workshop 7",,,,,,,y,,,nachmittag,y,
schule,anmeldung_mathetag,Angaben zur Schule,text,Schule,,,,,,,,y,,,,,
stufe,anmeldung_mathetag,,dropdown,Klassenstufe,"5, 5 | 6, 6 | 7, 7 | 8, 8 | 9, 9 | 10, 10 | 11, 11 | 12, 12 | 13, 13",,,,,,,y,,,,,
lehrkraft,anmeldung_mathetag,,text,Name der Mathematiklehrkraft,,,,,,,,,,,,,
vormittagskurs1_titel,anmeldung_mathetag,,text,"Vormittag: Erstwunsch (Titel, für die Bestätigungsmail)",,,,,,,,,,,,,"@HIDDEN @CALCTEXT(if([vormittagskurs1]='ws1', 'Workshop 1: Die Welt der Fraktale (Eric Trébuchon)', if([vormittagskurs1]='ws2', 'Workshop 2: Die unglaubliche Beweis-Maschine (Prof. Dr. Peter Pfaffelhuber)', if([vormittagskurs1]='ws3', 'Workshop 3: Topologie – ein Papierband ohne Innen und Außen (Dr. Maximilian Stegemeyer)', if([vormittagskurs1]='ws4', 'Workshop 4: A Gödelian Journey to the Island of Knights and Knaves (Dr. Alberto Miguel Gomez)', '')))))"
vormittagskurs2_titel,anmeldung_mathetag,,text,"Vormittag: Zweitwunsch (Titel, für die Bestätigungsmail)",,,,,,,,,,,,,"@HIDDEN @CALCTEXT(if([vormittagskurs2]='ws1', 'Workshop 1: Die Welt der Fraktale (Eric Trébuchon)', if([vormittagskurs2]='ws2', 'Workshop 2: Die unglaubliche Beweis-Maschine (Prof. Dr. Peter Pfaffelhuber)', if([vormittagskurs2]='ws3', 'Workshop 3: Topologie – ein Papierband ohne Innen und Außen (Dr. Maximilian Stegemeyer)', if([vormittagskurs2]='ws4', 'Workshop 4: A Gödelian Journey to the Island of Knights and Knaves (Dr. Alberto Miguel Gomez)', '')))))"
nachmittagskurs1_titel,anmeldung_mathetag,,text,"Nachmittag: Erstwunsch (Titel, für die Bestätigungsmail)",,,,,,,,,,,,,"@HIDDEN @CALCTEXT(if([nachmittagskurs1]='ws5', 'Workshop 5: Sieben Fragen, eine Lüge (Dr. Riccardo Tosi)', if([nachmittagskurs1]='ws6', 'Workshop 6: Mathe, Mäckes und fleischfressende Pflanzen – und wie krumm sind Bananen? (Dr. Jonathan Brugger)', if([nachmittagskurs1]='ws7', 'Workshop 7: Fibonacci und die Folge(n) (Dr. Ernst August v. Hammerstein)', ''))))"
nachmittagskurs2_titel,anmeldung_mathetag,,text,"Nachmittag: Zweitwunsch (Titel, für die Bestätigungsmail)",,,,,,,,,,,,,"@HIDDEN @CALCTEXT(if([nachmittagskurs2]='ws5', 'Workshop 5: Sieben Fragen, eine Lüge (Dr. Riccardo Tosi)', if([nachmittagskurs2]='ws6', 'Workshop 6: Mathe, Mäckes und fleischfressende Pflanzen – und wie krumm sind Bananen? (Dr. Jonathan Brugger)', if([nachmittagskurs2]='ws7', 'Workshop 7: Fibonacci und die Folge(n) (Dr. Ernst August v. Hammerstein)', ''))))"
